as_of,close,pinned_date,pinned_vwap_mean,vwap_mean,diff_ratio,multiplier,cl12_base,cl12_stocks,cl12_eval,cl34_base,cl34_stocks,cl34_eval
2025-08-01,68900.0,2025-10-13,86051.1,68900.0,-19.93,0.0,200,0,0.0,300,0,0.0
2025-08-04,69700.0,2025-10-13,86051.1,69204.6,-19.58,0.0,200,0,0.0,300,0,0.0
2025-08-05,69900.0,2025-10-13,86051.1,69392.69,-19.36,0.0,200,0,0.0,300,0,0.0
2025-08-06,68800.0,2025-10-13,86051.1,69279.64,-19.49,0.0,200,0,0.0,300,0,0.0
2025-08-07,70500.0,2025-10-13,86051.1,69506.42,-19.23,0.0,200,0,0.0,300,0,0.0
2025-08-08,71800.0,2025-10-13,86051.1,70113.46,-18.52,0.0,200,0,0.0,300,0,0.0
2025-08-11,71000.0,2025-10-13,86051.1,70254.3,-18.36,0.0,200,0,0.0,300,0,0.0
2025-08-12,71100.0,2025-10-13,86051.1,70413.26,-18.17,0.0,200,0,0.0,300,0,0.0
2025-08-13,71900.0,2025-10-13,86051.1,70677.71,-17.87,0.0,200,0,0.0,300,0,0.0
2025-08-14,71600.0,2025-10-13,86051.1,70811.86,-17.71,0.0,200,0,0.0,300,0,0.0
2025-08-18,70000.0,2025-10-13,86051.1,70655.35,-17.89,0.0,200,0,0.0,300,0,0.0
2025-08-19,70000.0,2025-10-13,86051.1,70559.39,-18.0,0.0,200,0,0.0,300,0,0.0
2025-08-20,70500.0,2025-10-13,86051.1,70445.92,-18.13,0.0,200,0,0.0,300,0,0.0
2025-08-21,70600.0,2025-10-13,86051.1,70394.23,-18.19,0.0,200,0,0.0,300,0,0.0
2025-08-22,71400.0,2025-10-13,86051.1,70468.53,-18.11,0.0,200,0,0.0,300,0,0.0
2025-08-25,71500.0,2025-10-13,86051.1,70584.53,-17.97,0.0,200,0,0.0,300,0,0.0
2025-08-26,70300.0,2025-10-13,86051.1,70582.62,-17.98,0.0,200,0,0.0,300,0,0.0
2025-08-27,70600.0,2025-10-13,86051.1,70599.89,-17.96,0.0,200,0,0.0,300,0,0.0
2025-08-28,69600.0,2025-10-13,86051.1,70514.12,-18.06,0.0,200,0,0.0,300,0,0.0
2025-08-29,69700.0,2025-10-13,86051.1,70391.28,-18.2,0.0,200,0,0.0,300,0,0.0
2025-09-01,67600.0,2025-10-13,86051.1,70067.4,-18.57,0.0,200,0,0.0,300,0,0.0
2025-09-02,69100.0,2025-10-13,86051.1,69985.35,-18.67,0.0,200,0,0.0,300,0,0.0
2025-09-03,69800.0,2025-10-13,86051.1,69922.52,-18.74,0.0,200,0,0.0,300,0,0.0
2025-09-04,70100.0,2025-10-13,86051.1,69954.79,-18.71,0.0,200,0,0.0,300,0,0.0
2025-09-05,69500.0,2025-10-13,86051.1,69932.12,-18.73,0.0,200,0,0.0,300,0,0.0
2025-09-08,70100.0,2025-10-13,86051.1,70128.21,-18.5,0.0,200,0,0.0,300,0,0.0
2025-09-09,71500.0,2025-10-13,86051.1,70316.29,-18.29,0.0,200,0,0.0,300,0,0.0
2025-09-10,72600.0,2025-10-13,86051.1,70683.48,-17.86,0.0,200,0,0.0,300,0,0.0
2025-09-11,73400.0,2025-10-13,86051.1,71055.61,-17.43,0.0,200,0,0.0,300,0,0.0
2025-09-12,75400.0,2025-10-13,86051.1,71739.9,-16.63,0.0,200,0,0.0,300,0,0.0
2025-09-15,76500.0,2025-10-13,86051.1,72222.98,-16.07,0.0,200,0,0.0,300,0,0.0
2025-09-16,79400.0,2025-10-13,86051.1,73139.07,-15.01,0.0,200,0,0.0,300,0,0.0
2025-09-17,78200.0,2025-10-13,86051.1,73689.84,-14.37,0.0,200,0,0.0,300,0,0.0
2025-09-18,80300.0,2025-10-13,86051.1,74439.96,-13.49,0.0,200,0,0.0,300,0,0.0
2025-09-22,83500.0,2025-10-13,86051.1,75894.83,-11.8,0.0,200,0,0.0,300,0,0.0
2025-09-23,84700.0,2025-10-13,86051.1,76754.06,-10.8,0.0,200,0,0.0,300,0,0.0
2025-09-24,85400.0,2025-10-13,86051.1,77538.94,-9.89,0.0,200,0,0.0,300,0,0.0
2025-09-25,86100.0,2025-10-13,86051.1,78338.14,-8.96,0.0,200,0,0.0,300,0,0.0
2025-09-26,83300.0,2025-10-13,86051.1,78528.07,-8.74,0.0,200,0,0.0,300,0,0.0
2025-09-29,84200.0,2025-10-13,86051.1,78964.44,-8.24,0.0,200,0,0.0,300,0,0.0
2025-09-30,83900.0,2025-10-13,86051.1,79159.28,-8.01,0.0,200,0,0.0,300,0,0.0
2025-10-01,86000.0,2025-10-13,86051.1,79476.45,-7.64,0.0,200,0,0.0,300,0,0.0
2025-10-02,89750.0,2025-10-13,86051.1,80990.81,-5.88,0.0,200,0,0.0,300,0,0.0
2025-10-10,94400.0,2025-10-13,86051.1,85124.88,-1.08,0.0,200,0,0.0,300,0,0.0
2025-10-13,93300.0,2025-10-13,86051.1,86051.1,0.0,0.0,200,0,0.0,300,0,0.0
2025-10-14,91600.0,2025-10-13,86051.1,86198.67,0.17,0.0,200,0,0.0,300,0,0.0
2025-10-15,95000.0,2025-10-13,86051.1,86664.73,0.71,0.0,200,0,0.0,300,0,0.0
2025-10-16,97700.0,2025-10-13,86051.1,87563.69,1.76,0.0,200,0,0.0,300,0,0.0
2025-10-17,97900.0,2025-10-13,86051.1,88293.61,2.61,0.0,200,0,0.0,300,0,0.0
2025-10-20,98100.0,2025-10-13,86051.1,89296.29,3.77,0.0,200,0,0.0,300,0,0.0
2025-10-21,97500.0,2025-10-13,86051.1,90224.98,4.85,0.0,200,0,0.0,300,0,0.0
2025-10-22,98600.0,2025-10-13,86051.1,90751.55,5.46,0.0,200,0,0.0,300,0,0.0
2025-10-23,96500.0,2025-10-13,86051.1,91074.64,5.84,0.0,200,0,0.0,300,0,0.0
2025-10-24,98800.0,2025-10-13,86051.1,91484.91,6.31,0.0,200,0,0.0,300,0,0.0
2025-10-27,102000.0,2025-10-13,86051.1,92682.71,7.71,0.0,200,0,0.0,300,0,0.0
2025-10-28,99500.0,2025-10-13,86051.1,93112.09,8.21,0.0,200,0,0.0,300,0,0.0
2025-10-29,100500.0,2025-10-13,86051.1,93543.61,8.71,0.0,200,0,0.0,300,0,0.0
2025-10-30,104100.0,2025-10-13,86051.1,94829.45,10.2,0.0,200,0,0.0,300,0,0.0
2025-10-31,107500.0,2025-10-13,86051.1,96520.01,12.17,0.0,200,0,0.0,300,0,0.0
2025-11-03,111100.0,2025-10-13,86051.1,98417.53,14.37,0.0,200,0,0.0,300,0,0.0
2025-11-04,104900.0,2025-10-13,86051.1,98971.65,15.01,0.0,200,0,0.0,300,0,0.0
2025-11-05,100600.0,2025-10-13,86051.1,99013.61,15.06,0.0,200,0,0.0,300,0,0.0
2025-11-06,99200.0,2025-10-13,86051.1,98931.0,14.97,0.0,200,0,0.0,300,0,0.0
2025-11-07,97900.0,2025-10-13,86051.1,98295.81,14.23,0.0,200,0,0.0,300,0,0.0
2025-11-10,100600.0,2025-10-13,86051.1,97879.94,13.75,0.0,200,0,0.0,300,0,0.0
2025-11-11,103500.0,2025-10-13,86051.1,98186.46,14.1,0.0,200,0,0.0,300,0,0.0
2025-11-12,103100.0,2025-10-13,86051.1,98542.62,14.52,0.0,200,0,0.0,300,0,0.0
2025-11-13,102800.0,2025-10-13,86051.1,99066.21,15.12,0.0,200,0,0.0,300,0,0.0
2025-11-14,97200.0,2025-10-13,86051.1,99103.07,15.17,0.0,200,0,0.0,300,0,0.0
2025-11-17,100600.0,2025-10-13,86051.1,99754.02,15.92,0.0,200,0,0.0,300,0,0.0
2025-11-18,97800.0,2025-10-13,86051.1,99480.06,15.61,0.0,200,0,0.0,300,0,0.0
2025-11-19,96500.0,2025-10-13,86051.1,99134.17,15.2,0.0,200,0,0.0,300,0,0.0
2025-11-20,100600.0,2025-10-13,86051.1,99026.91,15.08,0.0,200,0,0.0,300,0,0.0
2025-11-21,94800.0,2025-10-13,86051.1,98773.07,14.78,0.0,200,0,0.0,300,0,0.0
2025-11-24,96700.0,2025-10-13,86051.1,98801.4,14.82,0.0,200,0,0.0,300,0,0.0
2025-11-25,99300.0,2025-10-13,86051.1,98963.2,15.01,0.0,200,0,0.0,300,0,0.0
2025-11-26,102800.0,2025-10-13,86051.1,99472.59,15.6,0.0,200,0,0.0,300,0,0.0
2025-11-27,103500.0,2025-10-13,86051.1,99737.43,15.9,0.0,200,0,0.0,300,0,0.0
2025-11-28,100500.0,2025-10-13,86051.1,100135.74,16.37,0.0,200,0,0.0,300,0,0.0
2025-12-01,100800.0,2025-10-13,86051.1,100507.44,16.8,0.0,200,0,0.0,300,0,0.0
2025-12-02,103400.0,2025-10-13,86051.1,100914.93,17.27,0.0,200,0,0.0,300,0,0.0
2025-12-03,104500.0,2025-10-13,86051.1,101252.57,17.67,0.0,200,0,0.0,300,0,0.0
2025-12-04,105100.0,2025-10-13,86051.1,101178.37,17.58,0.0,200,0,0.0,300,0,0.0
2025-12-05,108400.0,2025-10-13,86051.1,101934.78,18.46,0.0,200,0,0.0,300,0,0.0
2025-12-08,109500.0,2025-10-13,86051.1,102694.29,19.34,0.0,200,0,0.0,300,0,0.0
2025-12-09,108400.0,2025-10-13,86051.1,103111.19,19.83,0.0,200,0,0.0,300,0,0.0
2025-12-10,108000.0,2025-10-13,86051.1,103432.32,20.2,0.5,200,100,10800000.0,300,150,16200000.0
2025-12-11,107300.0,2025-10-13,86051.1,103751.26,20.57,0.5,200,100,10730000.0,300,150,16095000.0
2025-12-12,108900.0,2025-10-13,86051.1,103860.08,20.7,0.5,200,100,10890000.0,300,150,16335000.0
2025-12-15,104800.0,2025-10-13,86051.1,103822.99,20.65,0.5,200,100,10480000.0,300,150,15720000.0
2025-12-16,102800.0,2025-10-13,86051.1,103511.96,20.29,0.5,200,100,10280000.0,300,150,15420000.0
2025-12-17,107900.0,2025-10-13,86051.1,103752.98,20.57,0.5,200,100,10790000.0,300,150,16185000.0
2025-12-18,107600.0,2025-10-13,86051.1,103947.0,20.8,0.5,200,100,10760000.0,300,150,16140000.0
2025-12-19,106300.0,2025-10-13,86051.1,104009.47,20.87,0.5,200,100,10630000.0,300,150,15945000.0
2025-12-22,110500.0,2025-10-13,86051.1,105059.0,22.09,0.5,200,100,11050000.0,300,150,16575000.0
2025-12-23,111500.0,2025-10-13,86051.1,105752.0,22.89,0.5,200,100,11150000.0,300,150,16725000.0
2025-12-24,111100.0,2025-10-13,86051.1,106039.68,23.23,0.5,200,100,11110000.0,300,150,16665000.0
2025-12-26,117000.0,2025-10-13,86051.1,108204.87,25.74,0.5,200,100,11700000.0,300,150,17550000.0
2025-12-29,119500.0,2025-10-13,86051.1,109551.34,27.31,0.5,200,100,11950000.0,300,150,17925000.0
2025-12-30,119900.0,2025-10-13,86051.1,110528.73,28.45,0.5,200,100,11990000.0,300,150,17985000.0
2026-01-02,128500.0,2025-10-13,86051.1,113356.84,31.73,0.5,200,100,12850000.0,300,150,19275000.0
2026-01-05,138100.0,2025-10-13,86051.1,117512.61,36.56,0.5,200,100,13810000.0,300,150,20715000.0
2026-01-06,138900.0,2025-10-13,86051.1,120723.43,40.29,1.0,200,200,27780000.0,300,300,41670000.0
2026-01-07,141000.0,2025-10-13,86051.1,122613.03,42.49,1.0,200,200,28200000.0,300,300,42300000.0
2026-01-08,138800.0,2025-10-13,86051.1,123747.63,43.81,1.0,200,200,27760000.0,300,300,41640000.0
2026-01-09,139000.0,2025-10-13,86051.1,124980.27,45.24,1.0,200,200,27800000.0,300,300,41700000.0
2026-01-12,138800.0,2025-10-13,86051.1,126240.13,46.7,1.0,200,200,27760000.0,300,300,41640000.0
2026-01-13,137600.0,2025-10-13,86051.1,126799.13,47.35,1.0,200,200,27520000.0,300,300,41280000.0
2026-01-14,140300.0,2025-10-13,86051.1,127081.91,47.68,1.0,200,200,28060000.0,300,300,42090000.0
2026-01-15,143900.0,2025-10-13,86051.1,128086.84,48.85,1.0,200,200,28780000.0,300,300,43170000.0
2026-01-16,148900.0,2025-10-13,86051.1,129874.43,50.93,1.0,200,200,29780000.0,300,300,44670000.0
2026-01-19,149300.0,2025-10-13,86051.1,132231.14,53.67,1.0,200,200,29860000.0,300,300,44790000.0
2026-01-20,145200.0,2025-10-13,86051.1,133692.54,55.36,1.0,200,200,29040000.0,300,300,43560000.0
2026-01-21,149500.0,2025-10-13,86051.1,135023.39,56.91,1.0,200,200,29900000.0,300,300,44850000.0
2026-01-22,152300.0,2025-10-13,86051.1,136463.82,58.58,1.0,200,200,30460000.0,300,300,45690000.0
2026-01-23,152100.0,2025-10-13,86051.1,137486.57,59.77,1.0,200,200,30420000.0,300,300,45630000.0
2026-01-26,152100.0,2025-10-13,86051.1,138924.86,61.44,1.3,200,260,39546000.0,300,390,59319000.0
2026-01-27,159500.0,2025-10-13,86051.1,141150.56,64.03,1.3,200,260,41470000.0,300,390,62205000.0
2026-01-28,162400.0,2025-10-13,86051.1,142904.61,66.07,1.3,200,260,42224000.0,300,390,63336000.0
2026-01-29,160700.0,2025-10-13,86051.1,144438.19,67.85,1.3,200,260,41782000.0,300,390,62673000.0
2026-01-30,160500.0,2025-10-13,86051.1,145927.56,69.58,1.3,200,260,41730000.0,300,390,62595000.0
2026-02-02,150400.0,2025-10-13,86051.1,146191.94,69.89,1.3,200,260,39104000.0,300,390,58656000.0
2026-02-03,167500.0,2025-10-13,86051.1,147875.24,71.85,1.3,200,260,43550000.0,300,390,65325000.0
2026-02-04,169100.0,2025-10-13,86051.1,148968.6,73.12,1.3,200,260,43966000.0,300,390,65949000.0
2026-02-05,159300.0,2025-10-13,86051.1,149405.39,73.62,1.3,200,260,41418000.0,300,390,62127000.0
2026-02-06,158600.0,2025-10-13,86051.1,150032.09,74.35,1.3,200,260,41236000.0,300,390,61854000.0
2026-02-09,166400.0,2025-10-13,86051.1,152438.52,77.15,1.3,200,260,43264000.0,300,390,64896000.0
2026-02-10,165800.0,2025-10-13,86051.1,152839.26,77.61,1.3,200,260,43108000.0,300,390,64662000.0
2026-02-11,167800.0,2025-10-13,86051.1,153107.11,77.93,1.3,200,260,43628000.0,300,390,65442000.0
2026-02-12,178600.0,2025-10-13,86051.1,156022.04,81.31,1.7,200,340,60724000.0,300,510,91086000.0
2026-02-13,181200.0,2025-10-13,86051.1,158988.2,84.76,1.7,200,340,61608000.0,300,510,92412000.0
2026-02-19,190000.0,2025-10-13,86051.1,165270.46,92.06,1.7,200,340,64600000.0,300,510,96900000.0
2026-02-20,190100.0,2025-10-13,86051.1,168036.36,95.28,1.7,200,340,64634000.0,300,510,96951000.0
2026-02-23,193000.0,2025-10-13,86051.1,170141.62,97.72,1.7,200,340,65620000.0,300,510,98430000.0
2026-02-24,200000.0,2025-10-13,86051.1,172297.13,100.23,2.0,200,400,80000000.0,300,600,120000000.0
2026-02-25,203500.0,2025-10-13,86051.1,174009.29,102.22,2.0,200,400,81400000.0,300,600,122100000.0
2026-02-26,218000.0,2025-10-13,86051.1,177289.81,106.03,2.0,200,400,87200000.0,300,600,130800000.0
2026-02-27,216500.0,2025-10-13,86051.1,181964.68,111.46,2.0,200,400,86600000.0,300,600,129900000.0
2026-03-03,195100.0,2025-10-13,86051.1,185585.27,115.67,2.0,200,400,78040000.0,300,600,117060000.0
2026-03-04,172200.0,2025-10-13,86051.1,181000.15,110.34,2.0,200,400,68880000.0,300,600,103320000.0
2026-03-05,191600.0,2025-10-13,86051.1,180670.14,109.96,2.0,200,400,76640000.0,300,600,114960000.0
2026-03-06,188200.0,2025-10-13,86051.1,179645.42,108.77,2.0,200,400,75280000.0,300,600,112920000.0
2026-03-09,173500.0,2025-10-13,86051.1,180363.68,109.6,2.0,200,400,69400000.0,300,600,104100000.0
2026-03-10,187900.0,2025-10-13,86051.1,180370.37,109.61,2.0,200,400,75160000.0,300,600,112740000.0
2026-03-11,190000.0,2025-10-13,86051.1,182505.96,112.09,2.0,200,400,76000000.0,300,600,114000000.0
2026-03-12,187900.0,2025-10-13,86051.1,182242.53,111.78,2.0,200,400,75160000.0,300,600,112740000.0
2026-03-13,183500.0,2025-10-13,86051.1,182400.28,111.97,2.0,200,400,73400000.0,300,600,110100000.0
2026-03-16,188700.0,2025-10-13,86051.1,184704.89,114.65,2.0,200,400,75480000.0,300,600,113220000.0
2026-03-17,193900.0,2025-10-13,86051.1,185431.4,115.49,2.0,200,400,77560000.0,300,600,116340000.0
2026-03-18,208500.0,2025-10-13,86051.1,187346.0,117.71,2.0,200,400,83400000.0,300,600,125100000.0
2026-03-19,200500.0,2025-10-13,86051.1,188361.14,118.89,2.0,200,400,80200000.0,300,600,120300000.0
2026-03-20,199400.0,2025-10-13,86051.1,189901.34,120.68,2.0,200,400,79760000.0,300,600,119640000.0
2026-03-23,186300.0,2025-10-13,86051.1,190131.08,120.95,2.0,200,400,74520000.0,300,600,111780000.0
2026-03-24,189700.0,2025-10-13,86051.1,190040.14,120.85,2.0,200,400,75880000.0,300,600,113820000.0
2026-03-25,189000.0,2025-10-13,86051.1,188762.39,119.36,2.0,200,400,75600000.0,300,600,113400000.0
2026-03-26,180100.0,2025-10-13,86051.1,187129.57,117.46,2.0,200,400,72040000.0,300,600,108060000.0
2026-03-27,180100.0,2025-10-13,86051.1,185230.52,115.26,2.0,200,400,72040000.0,300,600,108060000.0
2026-03-30,176300.0,2025-10-13,86051.1,184270.62,114.14,2.0,200,400,70520000.0,300,600,105780000.0
2026-03-31,167200.0,2025-10-13,86051.1,182200.18,111.73,2.0,200,400,66880000.0,300,600,100320000.0
2026-04-01,189650.0,2025-10-13,86051.1,182592.58,112.19,2.0,200,400,75860000.0,300,600,113790000.0
2026-04-02,178400.0,2025-10-13,86051.1,182304.35,111.86,2.0,200,400,71360000.0,300,600,107040000.0
2026-04-03,186200.0,2025-10-13,86051.1,182897.96,112.55,2.0,200,400,74480000.0,300,600,111720000.0
2026-04-06,193100.0,2025-10-13,86051.1,184554.67,114.47,2.0,200,400,77240000.0,300,600,115860000.0
2026-04-07,196500.0,2025-10-13,86051.1,187431.4,117.81,2.0,200,400,78600000.0,300,600,117900000.0
2026-04-08,210500.0,2025-10-13,86051.1,189820.53,120.59,2.0,200,400,84200000.0,300,600,126300000.0
2026-04-09,204000.0,2025-10-13,86051.1,192614.78,123.84,2.0,200,400,81600000.0,300,600,122400000.0
2026-04-10,206000.0,2025-10-13,86051.1,194214.94,125.7,2.0,200,400,82400000.0,300,600,123600000.0
2026-04-13,201000.0,2025-10-13,86051.1,195237.51,126.89,2.0,200,400,80400000.0,300,600,120600000.0
2026-04-14,206500.0,2025-10-13,86051.1,196409.64,128.25,2.0,200,400,82600000.0,300,600,123900000.0
2026-04-15,211000.0,2025-10-13,86051.1,196675.71,128.56,2.0,200,400,84400000.0,300,600,126600000.0
2026-04-16,217500.0,2025-10-13,86051.1,198107.61,130.22,2.0,200,400,87000000.0,300,600,130500000.0
2026-04-17,216000.0,2025-10-13,86051.1,199044.52,131.31,2.0,200,400,86400000.0,300,600,129600000.0
2026-04-20,214500.0,2025-10-13,86051.1,199900.46,132.3,2.0,200,400,85800000.0,300,600,128700000.0
2026-04-21,219000.0,2025-10-13,86051.1,201030.87,133.62,2.0,200,400,87600000.0,300,600,131400000.0
2026-04-22,217500.0,2025-10-13,86051.1,201877.08,134.6,2.0,200,400,87000000.0,300,600,130500000.0
2026-04-23,224500.0,2025-10-13,86051.1,203495.18,136.48,2.0,200,400,89800000.0,300,600,134700000.0
2026-04-24,219500.0,2025-10-13,86051.1,204243.76,137.35,2.0,200,400,87800000.0,300,600,131700000.0
2026-04-27,224500.0,2025-10-13,86051.1,205670.4,139.01,2.0,200,400,89800000.0,300,600,134700000.0
2026-04-28,222000.0,2025-10-13,86051.1,206242.54,139.67,2.0,200,400,88800000.0,300,600,133200000.0
2026-04-29,226000.0,2025-10-13,86051.1,207152.22,140.73,2.0,200,400,90400000.0,300,600,135600000.0
2026-04-30,220500.0,2025-10-13,86051.1,207197.3,140.78,2.0,200,400,88200000.0,300,600,132300000.0
2026-05-04,232500.0,2025-10-13,86051.1,212096.33,146.48,2.0,200,400,93000000.0,300,600,139500000.0
2026-05-06,266000.0,2025-10-13,86051.1,222429.13,158.48,2.0,200,400,106400000.0,300,600,159600000.0
2026-05-07,271500.0,2025-10-13,86051.1,229258.94,166.42,2.0,200,400,108600000.0,300,600,162900000.0
2026-05-08,268500.0,2025-10-13,86051.1,231487.46,169.01,2.0,200,400,107400000.0,300,600,161100000.0
2026-05-11,285500.0,2025-10-13,86051.1,239651.34,178.5,2.0,200,400,114200000.0,300,600,171300000.0
2026-05-12,279000.0,2025-10-13,86051.1,242214.55,181.48,2.0,200,400,111600000.0,300,600,167400000.0
2026-05-13,284000.0,2025-10-13,86051.1,245473.81,185.27,2.0,200,400,113600000.0,300,600,170400000.0
2026-05-14,296000.0,2025-10-13,86051.1,250062.77,190.6,2.0,200,400,118400000.0,300,600,177600000.0
2026-05-15,270500.0,2025-10-13,86051.1,251450.49,192.21,2.0,200,400,108200000.0,300,600,162300000.0
2026-05-18,281000.0,2025-10-13,86051.1,254014.05,195.19,2.0,200,400,112400000.0,300,600,168600000.0
2026-05-19,275500.0,2025-10-13,86051.1,254753.17,196.05,2.0,200,400,110200000.0,300,600,165300000.0
2026-05-20,276000.0,2025-10-13,86051.1,255201.37,196.57,2.0,200,400,110400000.0,300,600,165600000.0
2026-05-21,299500.0,2025-10-13,86051.1,257480.18,199.22,2.0,200,400,119800000.0,300,600,179700000.0
2026-05-22,292500.0,2025-10-13,86051.1,259744.23,201.85,2.0,200,400,117000000.0,300,600,175500000.0
2026-05-26,299000.0,2025-10-13,86051.1,265404.13,208.43,2.0,200,400,119600000.0,300,600,179400000.0
2026-05-27,307000.0,2025-10-13,86051.1,270453.12,214.29,2.0,200,400,122800000.0,300,600,184200000.0
2026-05-28,299500.0,2025-10-13,86051.1,272460.2,216.63,2.0,200,400,119800000.0,300,600,179700000.0
2026-05-29,317000.0,2025-10-13,86051.1,276530.25,221.36,2.0,200,400,126800000.0,300,600,190200000.0
2026-06-01,349000.0,2025-10-13,86051.1,285585.7,231.88,2.0,200,400,139600000.0,300,600,209400000.0
2026-06-02,360500.0,2025-10-13,86051.1,293102.87,240.61,2.0,200,400,144200000.0,300,600,216300000.0
2026-06-04,351500.0,2025-10-13,86051.1,301258.65,250.09,2.0,200,400,140600000.0,300,600,210900000.0
2026-06-05,329000.0,2025-10-13,86051.1,304345.88,253.68,2.0,200,400,131600000.0,300,600,197400000.0
2026-06-08,295500.0,2025-10-13,86051.1,302414.24,251.44,2.0,200,400,118200000.0,300,600,177300000.0
2026-06-09,322000.0,2025-10-13,86051.1,300419.49,249.12,2.0,200,400,128800000.0,300,600,193200000.0
2026-06-10,302500.0,2025-10-13,86051.1,301252.77,250.09,2.0,200,400,121000000.0,300,600,181500000.0
2026-06-11,299000.0,2025-10-13,86051.1,297409.18,245.62,2.0,200,400,119600000.0,300,600,179400000.0
2026-06-12,322500.0,2025-10-13,86051.1,297734.41,246.0,2.0,200,400,129000000.0,300,600,193500000.0
2026-06-15,337000.0,2025-10-13,86051.1,303856.25,253.11,2.0,200,400,134800000.0,300,600,202200000.0
2026-06-16,343000.0,2025-10-13,86051.1,306866.38,256.61,2.0,200,400,137200000.0,300,600,205800000.0
2026-06-17,346500.0,2025-10-13,86051.1,309148.01,259.26,2.0,200,400,138600000.0,300,600,207900000.0
2026-06-18,362500.0,2025-10-13,86051.1,316617.18,267.94,2.0,200,400,145000000.0,300,600,217500000.0
2026-06-19,354000.0,2025-10-13,86051.1,321563.8,273.69,2.0,200,400,141600000.0,300,600,212400000.0
2026-06-22,353500.0,2025-10-13,86051.1,326174.96,279.05,2.0,200,400,141400000.0,300,600,212100000.0
2026-06-23,310000.0,2025-10-13,86051.1,323253.01,275.65,2.0,200,400,124000000.0,300,600,186000000.0
2026-06-24,340500.0,2025-10-13,86051.1,324380.88,276.96,2.0,200,400,136200000.0,300,600,204300000.0
2026-06-25,358500.0,2025-10-13,86051.1,325695.86,278.49,2.0,200,400,143400000.0,300,600,215100000.0
2026-06-26,339500.0,2025-10-13,86051.1,325108.22,277.81,2.0,200,400,135800000.0,300,600,203700000.0
2026-06-29,323000.0,2025-10-13,86051.1,325718.05,278.52,2.0,200,400,129200000.0,300,600,193800000.0
2026-06-30,334000.0,2025-10-13,86051.1,328406.57,281.64,2.0,200,400,133600000.0,300,600,200400000.0
2026-07-01,314500.0,2025-10-13,86051.1,327316.93,280.38,2.0,200,400,125800000.0,300,600,188700000.0
2026-07-02,286000.0,2025-10-13,86051.1,320406.87,272.34,2.0,200,400,114400000.0,300,600,171600000.0
2026-07-03,309500.0,2025-10-13,86051.1,317114.67,268.52,2.0,200,400,123800000.0,300,600,185700000.0
2026-07-06,318000.0,2025-10-13,86051.1,316681.41,268.02,2.0,200,400,127200000.0,300,600,190800000.0
2026-07-07,296000.0,2025-10-13,86051.1,314099.44,265.02,2.0,200,400,118400000.0,300,600,177600000.0
2026-07-08,277500.0,2025-10-13,86051.1,311087.36,261.51,2.0,200,400,111000000.0,300,600,166500000.0
2026-07-09,278000.0,2025-10-13,86051.1,310660.96,261.02,2.0,200,400,111200000.0,300,600,166800000.0
2026-07-10,285000.0,2025-10-13,86051.1,308585.28,258.61,2.0,200,400,114000000.0,300,600,171000000.0
2026-07-13,254500.0,2025-10-13,86051.1,303928.08,253.19,2.0,200,400,101800000.0,300,600,152700000.0
2026-07-14,263000.0,2025-10-13,86051.1,300046.14,248.68,2.0,200,400,105200000.0,300,600,157800000.0
2026-07-15,279500.0,2025-10-13,86051.1,299542.26,248.1,2.0,200,400,111800000.0,300,600,167700000.0
2026-07-16,255000.0,2025-10-13,86051.1,297103.02,245.26,2.0,200,400,102000000.0,300,600,153000000.0
2026-07-20,244000.0,2025-10-13,86051.1,292133.17,239.49,2.0,200,400,97600000.0,300,600,146400000.0
2026-07-21,259000.0,2025-10-13,86051.1,291293.02,238.51,2.0,200,400,103600000.0,300,600,155400000.0
2026-07-22,260500.0,2025-10-13,86051.1,289022.66,235.87,2.0,200,400,104200000.0,300,600,156300000.0
2026-07-23,270000.0,2025-10-13,86051.1,288954.06,235.79,2.0,200,400,108000000.0,300,600,162000000.0
2026-07-24,249500.0,2025-10-13,86051.1,287055.69,233.59,2.0,200,400,99800000.0,300,600,149700000.0
2026-07-27,254000.0,2025-10-13,86051.1,283214.69,229.12,2.0,200,400,101600000.0,300,600,152400000.0
2026-07-28,220000.0,2025-10-13,86051.1,276820.93,221.69,2.0,200,400,88000000.0,300,600,132000000.0
2026-07-29,208500.0,2025-10-13,86051.1,267666.06,211.05,2.0,200,400,83400000.0,300,600,125100000.0
2026-07-30,207000.0,2025-10-13,86051.1,261253.55,203.6,2.0,200,400,82800000.0,300,600,124200000.0
2026-07-31,262500.0,2025-10-13,86051.1,263086.68,205.73,2.0,200,400,105000000.0,300,600,157500000.0
2026-08-03,239500.0,2025-10-13,86051.1,258560.1,200.47,2.0,200,400,95800000.0,300,600,143700000.0
2026-08-04,240000.0,2025-10-13,86051.1,258086.08,199.92,2.0,200,400,96000000.0,300,600,144000000.0
2026-08-05,246000.0,2025-10-13,86051.1,260417.59,202.63,2.0,200,400,98400000.0,300,600,147600000.0
2026-08-06,230500.0,2025-10-13,86051.1,262026.38,204.5,2.0,200,400,92200000.0,300,600,138300000.0
2026-08-07,231000.0,2025-10-13,86051.1,257572.86,199.33,2.0,200,400,92400000.0,300,600,138600000.0
2026-08-10,230000.0,2025-10-13,86051.1,254534.16,195.79,2.0,200,400,92000000.0,300,600,138000000.0
2026-08-11,239500.0,2025-10-13,86051.1,253675.43,194.8,2.0,200,400,95800000.0,300,600,143700000.0
2026-08-12,255500.0,2025-10-13,86051.1,254440.53,195.69,2.0,200,400,102200000.0,300,600,153300000.0
2026-08-13,268000.0,2025-10-13,86051.1,257846.64,199.64,2.0,200,400,107200000.0,300,600,160800000.0
2026-08-14,274500.0,2025-10-13,86051.1,260448.4,202.67,2.0,200,400,109800000.0,300,600,164700000.0
2026-08-18,268500.0,2025-10-13,86051.1,262221.51,204.73,2.0,200,400,107400000.0,300,600,161100000.0
2026-08-19,247500.0,2025-10-13,86051.1,260937.22,203.24,2.0,200,400,99000000.0,300,600,148500000.0
2026-08-20,271000.0,2025-10-13,86051.1,260573.27,202.81,2.0,200,400,108400000.0,300,600,162600000.0
2026-08-21,281500.0,2025-10-13,86051.1,261970.89,204.44,2.0,200,400,112600000.0,300,600,168900000.0
2026-08-24,257000.0,2025-10-13,86051.1,259705.04,201.8,2.0,200,400,102800000.0,300,600,154200000.0
2026-08-25,257000.0,2025-10-13,86051.1,258146.34,199.99,2.0,200,400,102800000.0,300,600,154200000.0
2026-08-26,261500.0,2025-10-13,86051.1,258246.54,200.11,2.0,200,400,104600000.0,300,600,156900000.0
2026-08-27,266000.0,2025-10-13,86051.1,257238.91,198.94,2.0,200,400,106400000.0,300,600,159600000.0
2026-08-28,257000.0,2025-10-13,86051.1,255369.13,196.76,2.0,200,400,102800000.0,300,600,154200000.0
2026-08-31,260000.0,2025-10-13,86051.1,258512.02,200.42,2.0,200,400,104000000.0,300,600,156000000.0
2026-09-01,261000.0,2025-10-13,86051.1,258009.16,199.83,2.0,200,400,104400000.0,300,600,156600000.0
2026-09-02,250500.0,2025-10-13,86051.1,256843.8,198.48,2.0,200,400,100200000.0,300,600,150300000.0
