date,close,volume,adjclose,symbol,market
2025-08-01,68900,24038534,68121.12,005930.KS,kospi
2025-08-04,69700,14780072,68912.09,005930.KS,kospi
2025-08-05,69900,14392903,69109.82,005930.KS,kospi
2025-08-06,68800,12542415,68022.26,005930.KS,kospi
2025-08-07,70500,15008213,69703.04,005930.KS,kospi
2025-08-08,71800,22241128,70988.35,005930.KS,kospi
2025-08-11,71000,11354253,70197.39,005930.KS,kospi
2025-08-12,71100,15797656,70296.26,005930.KS,kospi
2025-08-13,71900,12305742,71087.21,005930.KS,kospi
2025-08-14,71600,11946122,70790.61,005930.KS,kospi
2025-08-18,70000,13595591,69208.69,005930.KS,kospi
2025-08-19,70000,10533082,69208.69,005930.KS,kospi
2025-08-20,70500,17445516,69703.04,005930.KS,kospi
2025-08-21,70600,18843833,69801.91,005930.KS,kospi
2025-08-22,71400,9277432,70592.87,005930.KS,kospi
2025-08-25,71500,10345178,70691.74,005930.KS,kospi
2025-08-26,70300,14712519,69505.3,005930.KS,kospi
2025-08-27,70600,10523405,69801.91,005930.KS,kospi
2025-08-28,69600,11578024,68813.22,005930.KS,kospi
2025-08-29,69700,11682267,68912.09,005930.KS,kospi
2025-09-01,67600,12002343,66835.83,005930.KS,kospi
2025-09-02,69100,10604028,68318.87,005930.KS,kospi
2025-09-03,69800,10283009,69010.95,005930.KS,kospi
2025-09-04,70100,12284414,69307.57,005930.KS,kospi
2025-09-05,69500,11526724,68714.35,005930.KS,kospi
2025-09-08,70100,9263135,69307.57,005930.KS,kospi
2025-09-09,71500,14870245,70691.74,005930.KS,kospi
2025-09-10,72600,21928565,71779.3,005930.KS,kospi
2025-09-11,73400,20793501,72570.26,005930.KS,kospi
2025-09-12,75400,28219678,74547.65,005930.KS,kospi
2025-09-15,76500,19908805,75635.21,005930.KS,kospi
2025-09-16,79400,28218265,78502.44,005930.KS,kospi
2025-09-17,78200,20856317,77315.99,005930.KS,kospi
2025-09-18,80300,25619035,79392.26,005930.KS,kospi
2025-09-22,83500,27529656,82556.09,005930.KS,kospi
2025-09-23,84700,23610263,83742.52,005930.KS,kospi
2025-09-24,85400,18300997,84434.61,005930.KS,kospi
2025-09-25,86100,19665151,85126.7,005930.KS,kospi
2025-09-26,83300,24071193,82358.34,005930.KS,kospi
2025-09-29,84200,13069094,83619.59,005930.KS,kospi
2025-09-30,83900,16319061,83321.66,005930.KS,kospi
2025-10-01,86000,22039361,85407.19,005930.KS,kospi
2025-10-02,89750,49883028,89131.34,005930.KS,kospi
2025-10-10,94400,35269748,93749.28,005930.KS,kospi
2025-10-13,93300,23883308,92656.87,005930.KS,kospi
2025-10-14,91600,35545235,90968.59,005930.KS,kospi
2025-10-15,95000,21050111,94345.15,005930.KS,kospi
2025-10-16,97700,28141060,97026.54,005930.KS,kospi
2025-10-17,97900,22730809,97225.16,005930.KS,kospi
2025-10-20,98100,17589756,97423.78,005930.KS,kospi
2025-10-21,97500,22803830,96827.91,005930.KS,kospi
2025-10-22,98600,15937611,97920.33,005930.KS,kospi
2025-10-23,96500,18488581,95834.81,005930.KS,kospi
2025-10-24,98800,18801925,98118.95,005930.KS,kospi
2025-10-27,102000,22169970,101296.9,005930.KS,kospi
2025-10-28,99500,20002282,98814.13,005930.KS,kospi
2025-10-29,100500,20899788,99807.23,005930.KS,kospi
2025-10-30,104100,34570017,103382.42,005930.KS,kospi
2025-10-31,107500,54824564,106758.98,005930.KS,kospi
2025-11-03,111100,30110066,110334.16,005930.KS,kospi
2025-11-04,104900,30450281,104176.91,005930.KS,kospi
2025-11-05,100600,44843020,99906.55,005930.KS,kospi
2025-11-06,99200,28655689,98516.2,005930.KS,kospi
2025-11-07,97900,22908083,97225.16,005930.KS,kospi
2025-11-10,100600,23842327,99906.55,005930.KS,kospi
2025-11-11,103500,27742542,102786.55,005930.KS,kospi
2025-11-12,103100,19413497,102389.31,005930.KS,kospi
2025-11-13,102800,20838741,102091.38,005930.KS,kospi
2025-11-14,97200,21806342,96529.98,005930.KS,kospi
2025-11-17,100600,17192584,99906.55,005930.KS,kospi
2025-11-18,97800,18684068,97125.85,005930.KS,kospi
2025-11-19,96500,18993346,95834.81,005930.KS,kospi
2025-11-20,100600,25360435,99906.55,005930.KS,kospi
2025-11-21,94800,23103574,94146.52,005930.KS,kospi
2025-11-24,96700,29831172,96033.43,005930.KS,kospi
2025-11-25,99300,16110054,98615.51,005930.KS,kospi
2025-11-26,102800,21314975,102091.38,005930.KS,kospi
2025-11-27,103500,16453004,102786.55,005930.KS,kospi
2025-11-28,100500,15292277,99807.23,005930.KS,kospi
2025-12-01,100800,10905526,100105.17,005930.KS,kospi
2025-12-02,103400,13649487,102687.24,005930.KS,kospi
2025-12-03,104500,14697927,103779.66,005930.KS,kospi
2025-12-04,105100,11931145,104375.52,005930.KS,kospi
2025-12-05,108400,19755571,107652.78,005930.KS,kospi
2025-12-08,109500,15527762,108745.2,005930.KS,kospi
2025-12-09,108400,13671800,107652.78,005930.KS,kospi
2025-12-10,108000,12365092,107255.54,005930.KS,kospi
2025-12-11,107300,22994507,106560.36,005930.KS,kospi
2025-12-12,108900,14210314,108149.33,005930.KS,kospi
2025-12-15,104800,20594654,104077.59,005930.KS,kospi
2025-12-16,102800,18852079,102091.38,005930.KS,kospi
2025-12-17,107900,22297611,107156.22,005930.KS,kospi
2025-12-18,107600,20445631,106858.29,005930.KS,kospi
2025-12-19,106300,25917098,105567.25,005930.KS,kospi
2025-12-22,110500,24859171,109738.3,005930.KS,kospi
2025-12-23,111500,20419187,110731.41,005930.KS,kospi
2025-12-24,111100,12492939,110334.16,005930.KS,kospi
2025-12-26,117000,34018174,116193.5,005930.KS,kospi
2025-12-29,119500,19676004,119253.17,005930.KS,kospi
2025-12-30,119900,19746349,119652.34,005930.KS,kospi
2026-01-02,128500,30463279,128234.58,005930.KS,kospi
2026-01-05,138100,42863376,137814.75,005930.KS,kospi
2026-01-06,138900,45321341,138613.09,005930.KS,kospi
2026-01-07,141000,46317413,140708.77,005930.KS,kospi
2026-01-08,138800,41449329,138513.3,005930.KS,kospi
2026-01-09,139000,29520566,138712.89,005930.KS,kospi
2026-01-12,138800,26271134,138513.3,005930.KS,kospi
2026-01-13,137600,22384699,137315.78,005930.KS,kospi
2026-01-14,140300,18444394,140010.2,005930.KS,kospi
2026-01-15,143900,24701126,143602.77,005930.KS,kospi
2026-01-16,148900,30000219,148592.44,005930.KS,kospi
2026-01-19,149300,22762497,148991.61,005930.KS,kospi
2026-01-20,145200,24059218,144900.08,005930.KS,kospi
2026-01-21,149500,31703610,149191.2,005930.KS,kospi
2026-01-22,152300,32073624,151985.42,005930.KS,kospi
2026-01-23,152100,25407497,151785.83,005930.KS,kospi
2026-01-26,152100,20561689,151785.83,005930.KS,kospi
2026-01-27,159500,29423670,159170.55,005930.KS,kospi
2026-01-28,162400,29456431,162064.56,005930.KS,kospi
2026-01-29,160700,36087223,160368.06,005930.KS,kospi
2026-01-30,160500,40557267,160168.48,005930.KS,kospi
2026-02-02,150400,39748369,150089.34,005930.KS,kospi
2026-02-03,167500,36529813,167154.02,005930.KS,kospi
2026-02-04,169100,29943042,168750.72,005930.KS,kospi
2026-02-05,159300,38435228,158970.95,005930.KS,kospi
2026-02-06,158600,36358081,158272.41,005930.KS,kospi
2026-02-09,166400,25098971,166056.3,005930.KS,kospi
2026-02-10,165800,19369566,165457.53,005930.KS,kospi
2026-02-11,167800,22760242,167453.41,005930.KS,kospi
2026-02-12,178600,41296011,178231.09,005930.KS,kospi
2026-02-13,181200,34454192,180825.72,005930.KS,kospi
2026-02-19,190000,27049388,189607.55,005930.KS,kospi
2026-02-20,190100,24213880,189707.34,005930.KS,kospi
2026-02-23,193000,26364684,192601.34,005930.KS,kospi
2026-02-24,200000,28060617,199586.89,005930.KS,kospi
2026-02-25,203500,26987996,203079.66,005930.KS,kospi
2026-02-26,218000,30095763,217549.72,005930.KS,kospi
2026-02-27,216500,51774768,216052.81,005930.KS,kospi
2026-03-03,195100,54879010,194697.02,005930.KS,kospi
2026-03-04,172200,89427954,171844.31,005930.KS,kospi
2026-03-05,191600,53959129,191204.25,005930.KS,kospi
2026-03-06,188200,29522650,187811.27,005930.KS,kospi
2026-03-09,173500,43066020,173141.62,005930.KS,kospi
2026-03-10,187900,33530170,187511.89,005930.KS,kospi
2026-03-11,190000,24311356,189607.55,005930.KS,kospi
2026-03-12,187900,20440753,187511.89,005930.KS,kospi
2026-03-13,183500,19566331,183120.97,005930.KS,kospi
2026-03-16,188700,19747901,188310.23,005930.KS,kospi
2026-03-17,193900,20300082,193499.48,005930.KS,kospi
2026-03-18,208500,25148481,208069.33,005930.KS,kospi
2026-03-19,200500,19884483,200085.86,005930.KS,kospi
2026-03-20,199400,35279762,198988.12,005930.KS,kospi
2026-03-23,186300,30268173,185915.19,005930.KS,kospi
2026-03-24,189700,25458914,189308.17,005930.KS,kospi
2026-03-25,189000,22995904,188609.61,005930.KS,kospi
2026-03-26,180100,32074131,179728.0,005930.KS,kospi
2026-03-27,180100,29138966,179728.0,005930.KS,kospi
2026-03-30,176300,22269147,176300.0,005930.KS,kospi
2026-03-31,167200,38659593,167200.0,005930.KS,kospi
2026-04-01,189650,32390251,189650.0,005930.KS,kospi
2026-04-02,178400,38615231,178400.0,005930.KS,kospi
2026-04-03,186200,20194447,186200.0,005930.KS,kospi
2026-04-06,193100,20635958,193100.0,005930.KS,kospi
2026-04-07,196500,30848053,196500.0,005930.KS,kospi
2026-04-08,210500,35890973,210500.0,005930.KS,kospi
2026-04-09,204000,42320839,204000.0,005930.KS,kospi
2026-04-10,206000,18244459,206000.0,005930.KS,kospi
2026-04-13,201000,19603415,201000.0,005930.KS,kospi
2026-04-14,206500,23672078,206500.0,005930.KS,kospi
2026-04-15,211000,24092884,211000.0,005930.KS,kospi
2026-04-16,217500,21499788,217500.0,005930.KS,kospi
2026-04-17,216000,18079322,216000.0,005930.KS,kospi
2026-04-20,214500,17107741,214500.0,005930.KS,kospi
2026-04-21,219000,16752132,219000.0,005930.KS,kospi
2026-04-22,217500,16823480,217500.0,005930.KS,kospi
2026-04-23,224500,34525485,224500.0,005930.KS,kospi
2026-04-24,219500,19626666,219500.0,005930.KS,kospi
2026-04-27,224500,22870374,224500.0,005930.KS,kospi
2026-04-28,222000,18444490,222000.0,005930.KS,kospi
2026-04-29,226000,20363756,226000.0,005930.KS,kospi
2026-04-30,220500,22161975,220500.0,005930.KS,kospi
2026-05-04,232500,32920816,232500.0,005930.KS,kospi
2026-05-06,266000,53097996,266000.0,005930.KS,kospi
2026-05-07,271500,41404687,271500.0,005930.KS,kospi
2026-05-08,268500,25875880,268500.0,005930.KS,kospi
2026-05-11,285500,36031094,285500.0,005930.KS,kospi
2026-05-12,279000,41211149,279000.0,005930.KS,kospi
2026-05-13,284000,35540134,284000.0,005930.KS,kospi
2026-05-14,296000,39314752,296000.0,005930.KS,kospi
2026-05-15,270500,38075487,270500.0,005930.KS,kospi
2026-05-18,281000,33555214,281000.0,005930.KS,kospi
2026-05-19,275500,30767569,275500.0,005930.KS,kospi
2026-05-20,276000,35662077,276000.0,005930.KS,kospi
2026-05-21,299500,36168689,299500.0,005930.KS,kospi
2026-05-22,292500,18395274,292500.0,005930.KS,kospi
2026-05-26,299000,23441371,299000.0,005930.KS,kospi
2026-05-27,307000,33916688,307000.0,005930.KS,kospi
2026-05-28,299500,30195334,299500.0,005930.KS,kospi
2026-05-29,317000,37241537,317000.0,005930.KS,kospi
2026-06-01,349000,45052488,349000.0,005930.KS,kospi
2026-06-02,360500,44720282,360500.0,005930.KS,kospi
2026-06-04,351500,34771037,351500.0,005930.KS,kospi
2026-06-05,329000,33725012,329000.0,005930.KS,kospi
2026-06-08,295500,38929682,295500.0,005930.KS,kospi
2026-06-09,322000,30124249,322000.0,005930.KS,kospi
2026-06-10,302500,1191,302500.0,005930.KS,kospi
2026-06-11,299000,31420307,299000.0,005930.KS,kospi
2026-06-12,322500,31006148,322500.0,005930.KS,kospi
2026-06-15,337000,21500067,337000.0,005930.KS,kospi
2026-06-16,343000,17548685,343000.0,005930.KS,kospi
2026-06-17,346500,18134051,346500.0,005930.KS,kospi
2026-06-18,362500,32764450,362500.0,005930.KS,kospi
2026-06-19,354000,43284898,354000.0,005930.KS,kospi
2026-06-22,353500,24330451,353500.0,005930.KS,kospi
2026-06-23,310000,41266630,310000.0,005930.KS,kospi
2026-06-24,340500,47809959,340500.0,005930.KS,kospi
2026-06-25,358500,36157158,358500.0,005930.KS,kospi
2026-06-26,339500,39735951,339500.0,005930.KS,kospi
2026-06-29,323000,35436521,323000.0,005930.KS,kospi
2026-06-30,334000,29237216,334000.0,005930.KS,kospi
2026-07-01,314500,24968382,314500.0,005930.KS,kospi
2026-07-02,286000,38905074,286000.0,005930.KS,kospi
2026-07-03,309500,31520538,309500.0,005930.KS,kospi
2026-07-06,318000,23872879,318000.0,005930.KS,kospi
2026-07-07,296000,32421032,296000.0,005930.KS,kospi
2026-07-08,277500,33525758,277500.0,005930.KS,kospi
2026-07-09,278000,29703616,278000.0,005930.KS,kospi
2026-07-10,285000,20088811,285000.0,005930.KS,kospi
2026-07-13,254500,31882652,254500.0,005930.KS,kospi
2026-07-14,263000,40086496,263000.0,005930.KS,kospi
2026-07-15,279500,24873414,279500.0,005930.KS,kospi
2026-07-16,255000,27001478,255000.0,005930.KS,kospi
2026-07-20,244000,26804038,244000.0,005930.KS,kospi
2026-07-21,259000,20386896,259000.0,005930.KS,kospi
2026-07-22,260500,22292003,260500.0,005930.KS,kospi
2026-07-23,270000,16011816,270000.0,005930.KS,kospi
2026-07-24,249500,26175580,249500.0,005930.KS,kospi
2026-07-27,254000,23296044,254000.0,005930.KS,kospi
2026-07-28,220000,41639623,220000.0,005930.KS,kospi
2026-07-29,208500,65555523,208500.0,005930.KS,kospi
2026-07-30,207000,46694193,207000.0,005930.KS,kospi
2026-07-31,262500,58478873,262500.0,005930.KS,kospi
2026-08-03,239500,27825493,239500.0,005930.KS,kospi
2026-08-04,240000,29433821,240000.0,005930.KS,kospi
