as_of,vwap_7d,days_7d,vwap_1m,days_1m,vwap_2m,days_2m,vwap_mean
2025-08-01,68900.0,1,68900.0,1,68900.0,1,68900.0
2025-08-04,69204.6,2,69204.6,2,69204.6,2,69204.6
2025-08-05,69392.69,3,69392.69,3,69392.69,3,69392.69
2025-08-06,69279.64,4,69279.64,4,69279.64,4,69279.64
2025-08-07,69506.42,5,69506.42,5,69506.42,5,69506.42
2025-08-08,70337.04,5,70001.67,6,70001.67,6,70113.46
2025-08-11,70561.33,5,70100.79,7,70100.79,7,70254.3
2025-08-12,70795.63,5,70222.07,8,70222.07,8,70413.26
2025-08-13,71299.11,5,70367.01,9,70367.01,9,70677.71
2025-08-14,71510.77,5,70462.4,10,70462.4,10,70811.86
2025-08-18,71116.08,4,70424.98,11,70424.98,11,70655.35
2025-08-19,70878.34,4,70399.91,12,70399.91,12,70559.39
2025-08-20,70520.11,4,70408.82,13,70408.82,13,70445.92
2025-08-21,70331.51,4,70425.59,14,70425.59,14,70394.23
2025-08-22,70473.74,5,70465.93,15,70465.93,15,70468.53
2025-08-25,70730.46,5,70511.56,16,70511.56,16,70584.53
2025-08-26,70749.73,5,70499.06,17,70499.06,17,70582.62
2025-08-27,70793.38,5,70503.15,18,70503.15,18,70599.89
2025-08-28,70613.13,5,70464.61,19,70464.61,19,70514.12
2025-08-29,70307.77,5,70433.04,20,70433.04,20,70391.28
2025-09-01,69566.71,5,70317.75,21,70317.75,21,70067.4
2025-09-02,69287.62,5,70392.94,21,70275.49,22,69985.35
2025-09-03,69135.49,5,70372.05,22,70260.01,23,69922.52
2025-09-04,69249.3,5,70361.06,23,70254.02,24,69954.79
2025-09-05,69207.4,5,70360.54,23,70228.43,25,69932.12
2025-09-08,69718.15,5,70441.45,21,70225.02,26,70128.21
2025-09-09,70285.78,5,70385.94,21,70277.14,27,70316.29
2025-09-10,71083.55,5,70557.68,22,70409.2,28,70683.48
2025-09-11,71852.21,5,70752.42,23,70562.19,29,71055.61
2025-09-12,73190.43,5,71153.03,23,70876.23,30,71739.9
2025-09-15,74084.45,5,71462.0,21,71122.5,31,72222.98
2025-09-16,75666.95,5,72144.0,22,71606.25,32,73139.07
2025-09-17,76684.64,5,72505.6,23,71879.27,33,73689.84
2025-09-18,77994.84,5,73038.22,24,72286.83,34,74439.96
2025-09-22,80484.89,4,74358.42,21,72841.19,35,75894.83
2025-09-23,81818.02,4,75120.61,21,73323.55,36,76754.06
2025-09-24,83301.42,4,75622.73,22,73692.66,37,77538.94
2025-09-25,84782.0,4,76145.23,23,74087.2,38,78338.14
2025-09-26,84466.8,5,76685.06,23,74432.35,39,78528.07
2025-09-29,84701.09,5,77565.14,21,74627.08,40,78964.44
2025-09-30,84558.38,5,78067.17,21,74852.3,41,79159.28
2025-10-01,84730.4,5,78492.58,22,75206.36,42,79476.45
2025-10-02,86512.63,5,80034.9,22,76424.9,42,80990.81
2025-10-10,94400.0,1,82900.95,17,78073.69,38,85124.88
2025-10-13,93955.87,2,85300.12,15,78897.31,37,86051.1
2025-10-14,93071.59,3,85854.7,16,79669.71,37,86198.67
2025-10-15,93422.29,4,86307.83,17,80264.06,37,86664.73
2025-10-16,94258.9,5,87498.98,17,80933.19,38,87563.69
2025-10-17,94851.12,5,88586.4,17,81443.32,39,88293.61
2025-10-20,95604.32,5,90081.9,16,82202.64,38,89296.29
2025-10-21,97256.48,5,90483.23,17,82935.24,38,90224.98
2025-10-22,97899.3,5,90778.95,18,83576.39,38,90751.55
2025-10-23,97691.58,5,91493.62,18,84038.72,38,91074.64
2025-10-24,97863.58,5,92196.59,18,84394.56,39,91484.91
2025-10-27,98755.07,5,93957.68,16,85335.38,38,92682.71
2025-10-28,99211.26,5,94232.27,17,85892.75,38,93112.09
2025-10-29,99576.7,5,94540.76,18,86513.37,38,93543.61
2025-10-30,101408.09,5,95584.43,18,87495.83,38,94829.45
2025-10-31,103920.27,5,96888.49,19,88751.27,39,96520.01
2025-11-03,105533.38,5,99679.55,17,90039.65,38,98417.53
2025-11-04,106126.84,5,100015.43,18,90772.67,38,98971.65
2025-11-05,105458.25,5,100066.03,19,91516.55,38,99013.61
2025-11-06,104757.39,5,100020.64,20,92014.96,38,98931.0
2025-11-07,102798.69,5,99935.36,21,92153.39,39,98295.81
2025-11-10,100792.21,5,99962.06,22,92885.55,38,97879.94
2025-11-11,100454.61,5,100464.33,22,93640.43,38,98186.46
2025-11-12,100820.44,5,100548.85,23,94258.56,38,98542.62
2025-11-13,101584.62,5,100623.76,24,94990.24,38,99066.21
2025-11-14,101486.02,5,100784.38,24,95038.8,39,99103.07
2025-11-17,101541.09,5,101739.88,22,95981.09,38,99754.02
2025-11-18,100272.46,5,101764.62,22,96403.1,38,99480.06
2025-11-19,98974.77,5,101589.67,23,96838.07,38,99134.17
2025-11-20,98597.49,5,101547.63,24,96935.62,39,99026.91
2025-11-21,98043.35,5,101389.52,24,96886.33,40,98773.07
2025-11-24,97318.79,5,101535.0,22,97550.41,39,98801.4
2025-11-25,97520.97,5,101561.94,22,97806.69,39,98963.2
2025-11-26,98660.91,5,101606.39,23,98150.46,39,99472.59
2025-11-27,98945.9,5,101657.46,24,98608.93,39,99737.43
2025-11-28,100153.47,5,101615.53,24,98638.23,40,100135.74
2025-12-01,101528.06,5,100888.51,21,99105.75,39,100507.44
2025-12-02,102319.73,5,100957.42,22,99467.65,39,100914.93
2025-12-03,102626.9,5,101059.08,23,100071.72,39,101252.57
2025-12-04,102854.67,5,100544.68,23,100135.76,40,101178.37
2025-12-05,104906.55,5,100591.37,23,100306.43,41,101934.78
2025-12-08,106443.17,5,101186.41,21,100453.28,42,102694.29
2025-12-09,107346.68,5,101423.41,22,100563.49,43,103111.19
2025-12-10,108028.15,5,101613.2,23,100655.61,44,103432.32
2025-12-11,108243.92,5,101975.48,23,101034.38,44,103751.26
2025-12-12,108323.14,5,102110.96,23,101146.14,45,103860.08
2025-12-15,107239.7,5,102456.9,21,101772.36,44,103822.99
2025-12-16,106121.24,5,102473.42,22,101941.21,44,103511.96
2025-12-17,106287.3,5,102765.84,23,102205.8,44,103752.98
2025-12-18,106324.15,5,103092.13,23,102424.71,44,103947.0
2025-12-19,105979.77,5,103521.13,23,102527.52,45,104009.47
2025-12-22,107195.97,5,105047.07,21,102933.96,44,105059.0
2025-12-23,108694.65,5,105374.76,22,103186.59,44,105752.0
2025-12-24,109153.38,5,105547.28,23,103418.39,44,106039.68
2025-12-26,113213.09,4,107420.22,22,103981.31,44,108204.87
2025-12-29,115420.16,4,108791.77,20,104442.1,43,109551.34
2025-12-30,117381.06,4,109355.6,21,104849.54,43,110528.73
2026-01-02,123536.14,3,111011.32,21,105523.05,42,113356.84
2026-01-05,131096.56,3,114492.2,19,106949.08,41,117512.61
2026-01-06,135940.75,3,117300.64,19,108928.9,41,120723.43
2026-01-07,137361.24,4,119573.05,20,110904.79,41,122613.03
2026-01-08,137650.15,5,121092.47,21,112500.27,41,123747.63
2026-01-09,139200.69,5,122408.45,21,113331.66,42,124980.27
2026-01-12,139394.74,5,124633.85,19,114691.81,41,126240.13
2026-01-13,139287.76,5,125614.6,19,115495.02,41,126799.13
2026-01-14,138848.59,5,126114.02,20,116283.12,41,127081.91
2026-01-15,139893.66,5,126888.78,21,117478.09,41,128086.84
2026-01-16,142328.55,5,128823.44,21,118471.31,42,129874.43
2026-01-19,144453.67,5,132277.8,19,119961.95,41,132231.14
2026-01-20,145882.17,5,134114.72,19,121080.73,41,133692.54
2026-01-21,147515.91,5,134974.26,20,122579.99,41,135023.39
2026-01-22,149242.52,5,135901.13,21,124247.81,41,136463.82
2026-01-23,149851.88,5,137639.22,21,124968.6,42,137486.57
2026-01-26,150291.23,5,139617.34,20,126866.02,41,138924.86
2026-01-27,153118.33,5,141939.94,20,128393.41,41,141150.56
2026-01-28,155952.91,5,142923.73,21,129837.18,41,142904.61
2026-01-29,157999.72,5,143912.63,22,131402.22,41,144438.19
2026-01-30,159609.74,5,145634.74,22,132538.21,42,145927.56
2026-02-02,158402.14,5,146646.34,22,133527.34,42,146191.94
2026-02-03,160047.29,5,148536.07,22,135042.35,42,147875.24
2026-02-04,161150.63,5,149384.69,23,136370.49,42,148968.6
2026-02-05,160854.39,5,149883.49,24,137478.29,42,149405.39
2026-02-06,160480.98,5,150968.61,24,138646.68,42,150032.09
2026-02-09,163782.54,5,153894.39,22,139638.62,42,152438.52
2026-02-10,163134.3,5,154942.75,22,140440.74,42,152839.26
2026-02-11,162624.25,5,155384.7,23,141312.38,42,153107.11
2026-02-12,168059.69,5,156747.59,24,143258.84,42,156022.04
2026-02-13,173631.66,5,158594.08,24,144738.87,42,158988.2
2026-02-19,185070.26,2,162186.89,21,148554.23,39,165270.46
2026-02-20,190047.23,2,163690.52,21,150371.32,39,168036.36
2026-02-23,191050.08,3,167176.67,19,152198.1,39,170141.62
2026-02-24,193426.31,4,169402.98,19,154062.09,39,172297.13
2026-02-25,195475.42,5,170904.74,20,155647.72,39,174009.29
2026-02-26,201561.35,5,173109.55,21,157198.53,40,177289.81
2026-02-27,207997.81,5,177083.24,21,160812.99,40,181964.68
2026-03-03,207460.47,4,184782.81,17,164512.53,38,185585.27
2026-03-04,193991.46,4,183968.53,17,165040.46,39,181000.15
2026-03-05,190585.63,4,185327.58,17,166097.2,40,180670.14
2026-03-06,184386.29,4,187073.15,17,167476.82,40,179645.42
2026-03-09,182655.36,5,187790.38,17,170645.3,38,180363.68
2026-03-10,180622.96,5,188639.22,17,171848.92,38,180370.37
2026-03-11,185944.4,5,189380.1,17,172193.37,39,182505.96
2026-03-12,184186.63,5,190100.92,17,172440.03,40,182242.53
2026-03-13,183250.46,5,190660.71,17,173289.67,40,182400.28
2026-03-16,187736.39,5,191137.07,17,175241.22,38,184704.89
2026-03-17,188882.7,5,191227.05,18,176184.45,38,185431.4
2026-03-18,193313.94,5,191896.94,19,176827.13,39,187346.0
2026-03-19,195736.9,5,192152.91,20,177193.61,40,188361.14
2026-03-20,198799.9,5,192616.88,20,178287.24,40,189901.34
2026-03-23,197433.03,5,192426.06,20,180534.15,38,190131.08
2026-03-24,196513.05,5,192302.06,20,181305.32,38,190040.14
2026-03-25,192971.09,5,191870.6,20,181445.48,39,188762.39
2026-03-26,189120.12,5,190856.44,20,181412.14,40,187129.57
2026-03-27,184650.16,5,189196.07,20,181845.33,40,185230.52
2026-03-30,182862.27,5,186584.5,20,183365.09,38,184270.62
2026-03-31,177490.98,5,185498.3,21,183611.26,38,182200.18
2026-04-01,178326.88,5,185684.47,22,183766.39,39,182592.58
2026-04-02,177991.33,5,185314.81,23,183606.92,40,182304.35
2026-04-03,178677.1,5,185337.69,24,184679.08,40,182897.96
2026-04-06,181006.51,5,186102.24,22,186555.27,38,184554.67
2026-04-07,188096.99,5,186530.17,22,187667.05,38,187431.4
2026-04-08,193253.24,5,187872.89,23,188335.47,39,189820.53
2026-04-09,200114.08,5,188872.12,24,188858.14,40,192614.78
2026-04-10,202739.27,5,190352.65,24,189552.89,40,194214.94
2026-04-13,203861.2,5,190935.89,22,190915.44,38,195237.51
2026-04-14,205933.35,5,191787.26,22,191508.3,38,196409.64
2026-04-15,205606.37,5,192524.66,23,191896.09,39,196675.71
2026-04-16,208628.36,5,193351.74,24,192342.73,40,198107.61
2026-04-17,210322.91,5,194125.91,24,192684.75,41,199044.52
2026-04-20,212756.77,5,193900.51,22,193044.11,41,199900.46
2026-04-21,215347.7,5,194290.39,22,193454.52,41,201030.87
2026-04-22,216909.34,5,194943.74,23,193778.15,42,201877.08
2026-04-23,219323.68,5,196557.96,24,194603.9,43,203495.18
2026-04-24,219929.87,5,197782.0,24,195019.4,43,204243.76
2026-04-27,221714.83,5,200594.56,22,194701.82,41,205670.4
2026-04-28,222166.69,5,202387.88,22,194173.05,41,206242.54
2026-04-29,223518.4,5,203226.25,23,194712.01,42,207152.22
2026-04-30,222544.34,5,203868.9,24,195178.67,43,207197.3
2026-05-04,226195.08,4,213890.11,20,196203.8,43,212096.33
2026-05-06,246484.36,3,219114.85,21,201688.17,42,222429.13
2026-05-07,259132.18,3,224031.4,21,204613.25,42,229258.94
2026-05-08,260713.4,4,227698.49,21,206050.5,43,231487.46
2026-05-11,272361.64,4,236150.3,19,210442.07,42,239651.34
2026-05-12,273745.98,5,239506.44,20,213391.22,42,242214.55
2026-05-13,278054.06,5,242321.63,21,216045.75,42,245473.81
2026-05-14,283543.14,5,247344.53,21,219300.64,42,250062.77
2026-05-15,282978.55,5,250447.03,21,220925.9,43,251450.49
2026-05-18,282140.81,5,256292.38,19,223608.97,42,254014.05
2026-05-19,281718.34,5,257283.16,20,225258.02,42,254753.17
2026-05-20,280111.47,5,258339.08,21,227153.55,42,255201.37
2026-05-21,280551.14,5,261776.96,21,230112.45,42,257480.18
2026-05-22,284449.62,5,263740.33,21,231042.73,43,259744.23
2026-05-26,290891.14,4,270063.68,19,235257.58,41,265404.13
2026-05-27,300517.56,4,272023.51,20,238818.29,41,270453.12
2026-05-28,300574.93,4,274987.79,20,241817.87,41,272460.2
2026-05-29,306666.81,4,278808.28,20,244115.67,42,276530.25
2026-06-01,317895.8,5,287088.23,19,251773.07,41,285585.7
2026-06-02,330182.0,5,291695.37,20,257431.25,41,293102.87
2026-06-04,345349.99,4,294477.79,21,263948.17,40,301258.65
2026-06-05,348536.93,4,298761.11,21,265739.6,41,304345.88
2026-06-08,334829.22,4,302719.19,20,269694.3,40,302414.24
2026-06-09,323673.46,4,304823.37,20,272761.63,40,300419.49
2026-06-10,323673.27,5,304823.36,21,275261.69,40,301252.77
2026-06-11,310686.69,5,304572.12,22,276968.73,40,297409.18
2026-06-12,308775.15,5,306290.87,22,278137.22,41,297734.41
2026-06-15,318627.1,5,311033.81,20,281907.83,40,303856.25
2026-06-16,321840.71,5,314494.03,20,284264.41,40,306866.38
2026-06-17,325579.52,5,315420.77,21,286443.75,40,309148.01
2026-06-18,342485.33,5,317761.33,22,289604.89,40,316617.18
2026-06-19,350877.3,5,321951.29,22,291862.81,41,321563.8
2026-06-22,353539.12,5,329821.76,20,295163.99,40,326174.96
2026-06-23,343451.75,5,329607.48,20,296699.79,40,323253.01
2026-06-24,342415.1,5,330395.11,21,300332.42,40,324380.88
2026-06-25,342018.49,5,331852.35,22,303216.75,40,325695.86
2026-06-26,338750.17,5,332264.64,23,304309.86,41,325108.22
2026-06-29,334174.46,5,335619.13,21,307360.57,40,325718.05
2026-06-30,339443.14,5,336573.5,21,309203.07,40,328406.57
2026-07-01,335375.62,5,335788.31,22,310786.85,40,327316.93
2026-07-02,318992.07,5,332148.88,22,310079.67,41,320406.87
2026-07-03,312031.91,5,329245.51,22,310066.58,42,317114.67
2026-07-06,310374.08,5,327624.71,21,312045.45,42,316681.41
2026-07-07,302748.03,5,326095.26,22,313455.04,42,314099.44
2026-07-08,295634.64,5,323780.74,23,313846.7,42,311087.36
2026-07-09,294648.33,5,323408.06,23,313926.48,42,310660.96
2026-07-10,289906.94,5,322343.04,23,313505.85,43,308585.28
2026-07-13,277716.81,5,320150.06,21,313917.37,42,303928.08
2026-07-14,270100.57,5,316849.85,22,313188.01,42,300046.14
2026-07-15,270003.22,5,315557.85,23,313065.71,42,299542.26
2026-07-16,265538.34,5,312664.83,23,313105.9,42,297103.02
2026-07-20,260348.75,4,302645.85,20,313404.92,41,292133.17
2026-07-21,258998.37,4,301297.7,21,313582.99,41,291293.02
2026-07-22,254060.05,4,299964.77,22,313043.17,41,289022.66
2026-07-23,256748.49,4,297320.33,22,312793.35,41,288954.06
2026-07-24,255049.44,5,294626.47,22,311491.15,42,287055.69
2026-07-27,257494.27,5,281573.97,20,310575.82,42,283214.69
2026-07-28,245249.47,5,277397.46,21,307815.85,42,276820.93
2026-07-29,229329.17,5,270612.56,22,303056.45,42,267666.06
2026-07-30,220999.86,5,263482.32,22,299278.47,42,261253.55
2026-07-31,228132.35,5,263404.21,23,297723.48,43,263086.68
2026-08-03,226940.38,5,256116.09,21,292623.84,42,258560.1
2026-08-04,229894.0,5,252887.22,21,291477.02,43,258086.08
2026-08-05,239440.12,5,252662.07,22,289150.57,43,260417.59
2026-08-06,247233.78,5,251854.97,23,286990.38,43,262026.38
